{
    "name": "root",
    "gauges": {
        "MoveToTarget.Policy.Entropy.mean": {
            "value": 1.3184112310409546,
            "min": 1.3184112310409546,
            "max": 1.4129176139831543,
            "count": 10
        },
        "MoveToTarget.Policy.Entropy.sum": {
            "value": 65878.375,
            "min": 65878.375,
            "max": 70982.15625,
            "count": 10
        },
        "MoveToTarget.Environment.EpisodeLength.mean": {
            "value": 21.502250225022504,
            "min": 21.502250225022504,
            "max": 84.78813559322033,
            "count": 10
        },
        "MoveToTarget.Environment.EpisodeLength.sum": {
            "value": 47778.0,
            "min": 47778.0,
            "max": 50025.0,
            "count": 10
        },
        "MoveToTarget.Step.mean": {
            "value": 499979.0,
            "min": 49997.0,
            "max": 499979.0,
            "count": 10
        },
        "MoveToTarget.Step.sum": {
            "value": 499979.0,
            "min": 49997.0,
            "max": 499979.0,
            "count": 10
        },
        "MoveToTarget.Policy.ExtrinsicValueEstimate.mean": {
            "value": 10.954988479614258,
            "min": -0.49156856536865234,
            "max": 10.954988479614258,
            "count": 10
        },
        "MoveToTarget.Policy.ExtrinsicValueEstimate.sum": {
            "value": 24429.625,
            "min": -593.8148193359375,
            "max": 24429.625,
            "count": 10
        },
        "MoveToTarget.Environment.CumulativeReward.mean": {
            "value": 14.592626246029358,
            "min": -0.869609066412532,
            "max": 14.64994476879165,
            "count": 10
        },
        "MoveToTarget.Environment.CumulativeReward.sum": {
            "value": 32424.815518677235,
            "min": -648.7283635437489,
            "max": 32424.815518677235,
            "count": 10
        },
        "MoveToTarget.Policy.ExtrinsicReward.mean": {
            "value": 14.592626246029358,
            "min": -0.869609066412532,
            "max": 14.64994476879165,
            "count": 10
        },
        "MoveToTarget.Policy.ExtrinsicReward.sum": {
            "value": 32424.815518677235,
            "min": -648.7283635437489,
            "max": 32424.815518677235,
            "count": 10
        },
        "MoveToTarget.Losses.PolicyLoss.mean": {
            "value": 0.024441181168270605,
            "min": 0.02178841206322734,
            "max": 0.02614457230937357,
            "count": 10
        },
        "MoveToTarget.Losses.PolicyLoss.sum": {
            "value": 0.12220590584135303,
            "min": 0.09026051627006382,
            "max": 0.13072286154686785,
            "count": 10
        },
        "MoveToTarget.Losses.ValueLoss.mean": {
            "value": 0.854608956972758,
            "min": 0.5161164196829001,
            "max": 3.820643974939982,
            "count": 10
        },
        "MoveToTarget.Losses.ValueLoss.sum": {
            "value": 4.27304478486379,
            "min": 2.0644656787316005,
            "max": 19.10321987469991,
            "count": 10
        },
        "MoveToTarget.Policy.LearningRate.mean": {
            "value": 1.6769494410199997e-05,
            "min": 1.6769494410199997e-05,
            "max": 0.00028462695512435,
            "count": 10
        },
        "MoveToTarget.Policy.LearningRate.sum": {
            "value": 8.384747205099999e-05,
            "min": 8.384747205099999e-05,
            "max": 0.0012846462717845996,
            "count": 10
        },
        "MoveToTarget.Policy.Epsilon.mean": {
            "value": 0.10558980000000003,
            "min": 0.10558980000000003,
            "max": 0.19487565000000004,
            "count": 10
        },
        "MoveToTarget.Policy.Epsilon.sum": {
            "value": 0.5279490000000001,
            "min": 0.500325,
            "max": 0.9282153999999999,
            "count": 10
        },
        "MoveToTarget.Policy.Beta.mean": {
            "value": 0.00028893102000000006,
            "min": 0.00028893102000000006,
            "max": 0.004744294935000001,
            "count": 10
        },
        "MoveToTarget.Policy.Beta.sum": {
            "value": 0.0014446551000000002,
            "min": 0.0014446551000000002,
            "max": 0.021417948459999996,
            "count": 10
        },
        "MoveToTarget.IsTraining.mean": {
            "value": 1.0,
            "min": 1.0,
            "max": 1.0,
            "count": 10
        },
        "MoveToTarget.IsTraining.sum": {
            "value": 1.0,
            "min": 1.0,
            "max": 1.0,
            "count": 10
        }
    },
    "metadata": {
        "timer_format_version": "0.1.0",
        "start_time_seconds": "1720652359",
        "python_version": "3.10.12 | packaged by conda-forge | (main, Jun 23 2023, 22:39:40) [Clang 15.0.7 ]",
        "command_line_arguments": "/Users/rditljej/mambaforge/envs/mlagents/bin/mlagents-learn --run-id=fourteenth-run --force",
        "mlagents_version": "1.1.0.dev0",
        "mlagents_envs_version": "1.1.0.dev0",
        "communication_protocol_version": "1.5.0",
        "pytorch_version": "2.2.2",
        "numpy_version": "1.23.5",
        "end_time_seconds": "1720653143"
    },
    "total": 783.7315688460003,
    "count": 1,
    "self": 0.012391041000228142,
    "children": {
        "run_training.setup": {
            "total": 0.04043566900145379,
            "count": 1,
            "self": 0.04043566900145379
        },
        "TrainerController.start_learning": {
            "total": 783.6787421359986,
            "count": 1,
            "self": 1.311454678136215,
            "children": {
                "TrainerController._reset_env": {
                    "total": 15.092785743003333,
                    "count": 1,
                    "self": 15.092785743003333
                },
                "TrainerController.advance": {
                    "total": 767.2285680068599,
                    "count": 66034,
                    "self": 1.297793840894883,
                    "children": {
                        "env_step": {
                            "total": 660.1206242957414,
                            "count": 66034,
                            "self": 622.4698122491973,
                            "children": {
                                "SubprocessEnvManager._take_step": {
                                    "total": 36.778318098698946,
                                    "count": 66034,
                                    "self": 3.301533031026338,
                                    "children": {
                                        "TorchPolicy.evaluate": {
                                            "total": 33.47678506767261,
                                            "count": 55569,
                                            "self": 33.47678506767261
                                        }
                                    }
                                },
                                "workers": {
                                    "total": 0.8724939478452143,
                                    "count": 66034,
                                    "self": 0.0,
                                    "children": {
                                        "worker_root": {
                                            "total": 767.3897225788569,
                                            "count": 66034,
                                            "is_parallel": true,
                                            "self": 213.4598122415082,
                                            "children": {
                                                "steps_from_proto": {
                                                    "total": 0.0002671769980224781,
                                                    "count": 1,